index,antecedents,consequents,antecedent support,consequent support,support,confidence,lift,representativity,leverage,conviction,zhangs_metric,jaccard,certainty,kulczynski
0,60 cake cases dolly girl design,pack of 72 retrospot cake cases,0.0185246262093227,0.0545294635004397,0.0100593667546174,0.543026706231454,9.958409112663922,1.0,0.0090492288258768,2.0689842259763105,0.9165613097615428,0.1596858638743455,0.5166710371955007,0.3637512563415334
1,60 teatime fairy cake cases,pack of 72 retrospot cake cases,0.0346306068601583,0.0545294635004397,0.0173153034300791,0.5,9.169354838709678,1.0,0.0154269150173,1.8909410729991205,0.922901719621911,0.2410099464422341,0.4711627906976744,0.4087701612903226
2,alarm clock bakelike chocolate,alarm clock bakelike green,0.0171503957783641,0.0429309586631486,0.0113786279683377,0.6634615384615385,15.454151482320498,1.0,0.0106423450361201,2.843862294258073,0.9516130078137665,0.2336343115124153,0.6483655337253638,0.4642531764010638
3,alarm clock bakelike chocolate,alarm clock bakelike red,0.0171503957783641,0.0469986807387862,0.0119832893579595,0.6987179487179488,14.86675663517769,1.0,0.0111772433822283,3.163153314994668,0.9490117603595838,0.2297154899894626,0.6838597752250634,0.4768443544759335
4,alarm clock bakelike ivory,alarm clock bakelike green,0.0253408091468777,0.0429309586631486,0.0149516270888302,0.5900216919739696,13.74350143455884,1.0,0.0138637218588549,2.334438243684066,0.9513462214731924,0.2804123711340205,0.5716314180914626,0.4691465694184829
5,alarm clock bakelike orange,alarm clock bakelike green,0.0192941952506596,0.0429309586631486,0.0119283201407211,0.6182336182336182,14.400647865436596,1.0,0.0111000018419764,2.50694950380026,0.948866291256328,0.2371584699453552,0.6011088382577671,0.4480412649426734
6,alarm clock bakelike pink,alarm clock bakelike green,0.0326517150395778,0.0429309586631486,0.0185246262093227,0.5673400673400674,13.215173501985282,1.0,0.0171228567806777,2.212058406825252,0.955529071114434,0.3246628131021195,0.5479323706306648,0.4994190733627354
7,alarm clock bakelike red,alarm clock bakelike green,0.0469986807387862,0.0429309586631486,0.0288038698328935,0.6128654970760234,14.275607071455848,1.0,0.0267861714128742,2.472187402848967,0.9758123318305684,0.4712230215827339,0.5954999209009831,0.6419000980898684
8,alarm clock bakelike green,alarm clock bakelike red,0.0429309586631486,0.0469986807387862,0.0288038698328935,0.6709346991037132,14.275607071455848,1.0,0.0267861714128742,2.896085721179019,0.9716649472716424,0.4712230215827339,0.6547063532384352,0.6419000980898684
9,alarm clock bakelike ivory,alarm clock bakelike red,0.0253408091468777,0.0469986807387862,0.0169305189094107,0.6681127982646421,14.215564942725578,1.0,0.0157395343106541,2.871461491368755,0.953825276297218,0.3055555555555556,0.6517452861527582,0.5141733581966486
10,alarm clock bakelike orange,alarm clock bakelike red,0.0192941952506596,0.0469986807387862,0.0131926121372031,0.6837606837606838,14.548508022192234,1.0,0.0122858104145056,3.0135447122584327,0.9495859256768118,0.248447204968944,0.6681648704490026,0.4822312190733243
11,alarm clock bakelike pink,alarm clock bakelike red,0.0326517150395778,0.0469986807387862,0.02094327176781,0.6414141414141413,13.6474924685451,1.0,0.019408684237091,2.6576656508974685,0.9580070390962466,0.3567415730337079,0.6237299452388567,0.5435140882509304
12,painted metal pears assorted,assorted colour bird ornament,0.0187994722955145,0.0746481970096745,0.0136323658751099,0.7251461988304093,9.714182363124303,1.0,0.0122290191635164,3.366705495986077,0.9142450528598536,0.1707988980716253,0.70297372277075,0.4538838505197702
13,key fob,back door,0.0205035180299032,0.0128078276165347,0.0128078276165347,0.6246648793565683,48.77211796246649,1.0,0.0125452220920752,2.6301620021359464,1.0,0.6246648793565684,0.6197952828807112,0.8123324396782842
14,back door,key fob ,0.0128078276165347,0.0205035180299032,0.0128078276165347,1.0,48.77211796246649,1.0,0.0125452220920752,inf,0.9922044657274904,0.6246648793565684,1.0,0.8123324396782842
15,baking set spaceboy design,baking set 9 piece retrospot,0.0226473175021987,0.0452946350043975,0.0164357959542656,0.7257281553398058,16.022386652841927,1.0,0.0154099939741748,3.480872658214055,0.9593131962183656,0.3191035218783351,0.7127157186746745,0.5442961165048543
16,bathroom metal sign,toilet metal sign,0.0225923482849604,0.0163808267370272,0.0122031662269129,0.5401459854014599,32.9742810953804,1.0,0.0118330848840744,2.1389813767782107,0.9920869072210392,0.4558521560574948,0.532487748207408,0.6425562141772401
17,toilet metal sign,bathroom metal sign,0.0163808267370272,0.0225923482849604,0.0122031662269129,0.7449664429530202,32.9742810953804,1.0,0.0118330848840744,3.832466844882656,0.9858219122218228,0.4558521560574948,0.7390714543727205,0.6425562141772401
18,pink happy birthday bunting,blue happy birthday bunting,0.0190743183817062,0.0187994722955145,0.0134124890061565,0.7031700288184438,37.40371100662318,1.0,0.0130539018861838,3.3055978943054027,0.992190033485065,0.5483146067415731,0.6974828663453855,0.7083101606080523
19,blue happy birthday bunting,pink happy birthday bunting,0.0187994722955145,0.0190743183817062,0.0134124890061565,0.7134502923976608,37.40371100662319,1.0,0.0130539018861838,3.4232304399332287,0.9919121091059374,0.5483146067415731,0.7078782695039644,0.7083101606080523
20,blue harmonica in box,red  harmonica in box,0.0274846086191732,0.0296833773087071,0.0145118733509234,0.528,17.787733333333335,1.0,0.0136960373430984,2.0557555565493497,0.9704540316116168,0.3402061855670102,0.5135608429639701,0.5084444444444445
21,red stripe ceramic drawer knob,blue stripe ceramic drawer knob,0.0174802110817941,0.0189643799472295,0.011268689533861,0.6446540880503144,33.992890347279186,1.0,0.0109371881693481,2.7607905059892124,0.9878499087105674,0.4475982532751091,0.637784903334528,0.6194284933005195
22,blue stripe ceramic drawer knob,red stripe ceramic drawer knob,0.0189643799472295,0.0174802110817941,0.011268689533861,0.5942028985507246,33.992890347279186,1.0,0.0109371881693481,2.42120947983415,0.9893443866359996,0.4475982532751091,0.5869832790888879,0.6194284933005195
23,candleholder pink hanging heart,white hanging heart t-light holder,0.0180299032541776,0.1054859278803869,0.0132475813544415,0.7347560975609755,6.965441858691645,1.0,0.0113456802800809,3.3724208696003783,0.872159032840103,0.1201395812562313,0.7034771048257399,0.4301711701978926
24,charlotte bag dolly girl design,red retrospot charlotte bag,0.0186895338610378,0.040292436235708,0.0102242744063324,0.5470588235294118,13.577208891742238,1.0,0.0094712275549614,2.1188348810380475,0.9439898905938672,0.209695603156708,0.5280425063088986,0.400405264425006
25,charlotte bag pink polkadot,red retrospot charlotte bag,0.026495162708883,0.040292436235708,0.0175901495162708,0.6639004149377594,16.477048224485294,1.0,0.0165225948622685,2.855426208236968,0.9648740118577076,0.3575418994413408,0.6497895840854413,0.5502312443038047
26,charlotte bag suki design,red retrospot charlotte bag,0.0318271767810026,0.040292436235708,0.0162708883025505,0.5112262521588947,12.68789628823276,1.0,0.0149884938115394,1.963500633991255,0.951467243942972,0.2913385826771654,0.4907055375035576,0.457523085151753
27,childrens cutlery dolly girl,childrens cutlery spaceboy,0.0144569041336851,0.0170954265611257,0.0112137203166226,0.7756653992395438,45.37268470407003,1.0,0.010966573373704,4.381422081600407,0.9923059803429432,0.5513513513513513,0.7717636006356345,0.7158069761471031
28,childrens cutlery spaceboy,childrens cutlery dolly girl,0.0170954265611257,0.0144569041336851,0.0112137203166226,0.6559485530546624,45.37268470407003,1.0,0.010966573373704,2.864522456209569,0.994969740035156,0.5513513513513513,0.6509016719934417,0.7158069761471031
29,hot water bottle i am so poorly,chocolate hot water bottle,0.0269349164467898,0.0372691292875989,0.0152814423922603,0.5673469387755102,15.222972728914575,1.0,0.0142776015088542,2.2251798426843235,0.9601719595964852,0.3123595505617977,0.550598122085422,0.488688218650292
30,hot water bottle tea and sympathy,chocolate hot water bottle,0.0277044854881266,0.0372691292875989,0.0140721196130167,0.507936507936508,13.628880460738872,1.0,0.0130395975615133,1.956517575963912,0.9530295963364994,0.2764578833693304,0.4888878013235671,0.4427588144402304
31,christmas craft tree top angel,christmas craft little friends,0.0184696569920844,0.0228122251539138,0.0106640281442392,0.5773809523809523,25.310154905335622,1.0,0.0102426941704202,2.3122189601991896,0.9785639064405276,0.348294434470377,0.5675150073530002,0.5224254159495123
32,christmas craft white fairy,christmas craft little friends,0.0174802110817941,0.0228122251539138,0.0110488126649076,0.6320754716981132,27.70775176176404,1.0,0.0106500501539718,2.65594625983808,0.981058119940746,0.3778195488721804,0.6234863577168294,0.5582064105478518
33,spaceboy lunch box,dolly girl lunch box,0.0378188214599824,0.0328166226912928,0.0225923482849604,0.5973837209302325,18.203692883019748,1.0,0.0213512622904788,2.4022460779364274,0.9822121992553944,0.4702517162471395,0.5837229128253931,0.6429129659927544
34,dolly girl lunch box,spaceboy lunch box,0.0328166226912928,0.0378188214599824,0.0225923482849604,0.6884422110552764,18.20369288301975,1.0,0.0213512622904788,3.088291202088121,0.9771322725641616,0.4702517162471395,0.6761963381808493,0.6429129659927544
35,feltcraft cushion rabbit,feltcraft cushion butterfly,0.0173702726473175,0.0156112576956904,0.0106640281442392,0.6139240506329114,39.32572651096452,1.0,0.0103928563416975,2.549728217771819,0.991799175534553,0.4778325123152708,0.6078013362248116,0.6485113210911035
36,feltcraft cushion butterfly,feltcraft cushion rabbit,0.0156112576956904,0.0173702726473175,0.0106640281442392,0.6830985915492958,39.32572651096452,1.0,0.0103928563416975,3.100742695201798,0.9900269187991774,0.4778325123152708,0.677496619907406,0.6485113210911035
37,feltcraft cushion rabbit,feltcraft cushion owl,0.0173702726473175,0.0224274406332453,0.0107739665787159,0.620253164556962,27.65599404318689,1.0,0.0103843958201349,2.5742744063324534,0.9808796196930328,0.3712121212121212,0.6115410239327628,0.5503226607098535
38,feltcraft princess lola doll,feltcraft princess charlotte doll,0.0201737027264731,0.0213280562884784,0.0125879507475813,0.6239782016348774,29.25621506222085,1.0,0.0121576848802841,2.6027000242183216,0.9857045389124004,0.4353612167300381,0.6157836129039367,0.6070921936009439
39,feltcraft princess charlotte doll,feltcraft princess lola doll,0.0213280562884784,0.0201737027264731,0.0125879507475813,0.5902061855670103,29.25621506222085,1.0,0.0121576848802841,2.3910226625291093,0.9868671874923354,0.4353612167300381,0.5817689160075766,0.6070921936009439
40,gardeners kneeling pad cup of tea,gardeners kneeling pad keep calm,0.0346855760773966,0.0411719437115215,0.0253408091468777,0.7305863708399365,17.744762694686415,1.0,0.0239127365610174,3.5589441383413507,0.9775523088346156,0.5016322089227422,0.7190177869816043,0.6730368436309162
41,gardeners kneeling pad keep calm,gardeners kneeling pad cup of tea,0.0411719437115215,0.0346855760773966,0.0253408091468777,0.6154873164218959,17.74476269468642,1.0,0.0239127365610174,2.510487859437604,0.9841653440030204,0.5016322089227422,0.601671047226646,0.6730368436309162
42,green regency teacup and saucer,pink regency teacup and saucer,0.0358948988566402,0.0289138082673702,0.0237467018469656,0.6615620214395099,22.88048725100297,1.0,0.0227088436236481,2.86931802353578,0.9918987420626624,0.5783132530120483,0.651485129289458,0.7414273985524547
43,pink regency teacup and saucer,green regency teacup and saucer,0.0289138082673702,0.0358948988566402,0.0237467018469656,0.8212927756653993,22.88048725100297,1.0,0.0227088436236481,5.394885991504332,0.984768031078741,0.5783132530120483,0.814639271047662,0.7414273985524547
44,green regency teacup and saucer,regency cakestand 3 tier,0.0358948988566402,0.0894349164467898,0.0191292875989445,0.5329249617151608,5.958802030437741,1.0,0.0159190303188349,1.9495049165909712,0.8631642258008917,0.1801242236024844,0.4870492546647875,0.3734077789522331
45,green regency teacup and saucer,roses regency teacup and saucer,0.0358948988566402,0.0403474054529463,0.0278144239226033,0.774885145482389,19.20532774743273,1.0,0.0263661578847419,4.262946559450517,0.9832238352157936,0.5743473325766175,0.7654204700776504,0.7321292212425569
46,roses regency teacup and saucer,green regency teacup and saucer,0.0403474054529463,0.0358948988566402,0.0278144239226033,0.6893732970027248,19.20532774743273,1.0,0.0263661578847419,3.103741860698359,0.98778570545594,0.5743473325766175,0.6778082569743753,0.7321292212425569
47,hand warmer bird design,hand warmer owl design,0.0260004397537379,0.0312225153913808,0.0146767810026385,0.5644820295983087,18.079325849388084,1.0,0.0138649818722447,2.22442597194115,0.9699061905447356,0.3449612403100776,0.550445817206788,0.51727622606676
48,hand warmer bird design,hand warmer scotty dog design,0.0260004397537379,0.0257255936675461,0.0131926121372031,0.5073995771670191,19.723532281671822,1.0,0.0125237353889209,1.977818859207085,0.9746402167165188,0.3423680456490727,0.4943925247022349,0.510110044993766
49,hand warmer scotty dog design,hand warmer bird design,0.0257255936675461,0.0260004397537379,0.0131926121372031,0.5128205128205129,19.72353228167182,1.0,0.0125237353889209,1.999262255242328,0.9743652674339878,0.3423680456490727,0.4998154957520611,0.510110044993766
50,hand warmer red love heart,hand warmer owl design,0.0202286719437115,0.0312225153913808,0.0110488126649076,0.546195652173913,17.493646662584197,1.0,0.0104172226437979,2.1347911038082144,0.9623024911349892,0.273469387755102,0.5315700921668081,0.4500344458052663
51,hand warmer red retrospot,hand warmer owl design,0.0186345646437994,0.0312225153913808,0.0102792436235708,0.551622418879056,17.667456063816527,1.0,0.009697425642168,2.160628732120539,0.9613123934592398,0.2597222222222222,0.5371717569364383,0.4404238854958661
52,hand warmer scotty dog design,hand warmer owl design,0.0257255936675461,0.0312225153913808,0.015391380826737,0.5982905982905984,19.162152401589022,1.0,0.0145881630824996,2.411637568068265,0.972840700261147,0.3703703703703704,0.5853439947856653,0.5456241723847358
53,heart of wicker large,heart of wicker small,0.0436455584872471,0.0518359718557607,0.0219876868953386,0.5037783375314862,9.718701501985995,1.0,0.0197252769539647,1.91076710240235,0.9380471893321072,0.2991772625280479,0.4766499806581712,0.4639782461782563
54,ivory diner wall clock,red diner wall clock,0.0207783641160949,0.0219327176781002,0.0104441512752858,0.5026455026455026,22.917611489040056,1.0,0.0099884252813147,1.96653953573233,0.9766588076793532,0.323679727427598,0.4914925523591851,0.4894179894179893
55,red kitchen scales,ivory kitchen scales,0.0233619173262972,0.0319920844327176,0.0134124890061565,0.5741176470588235,17.94561552456034,1.0,0.0126650925745434,2.272946763072348,0.9668638763889952,0.3197903014416776,0.5600424892273774,0.4966808166565595
56,jumbo  bag baroque black white,jumbo bag red retrospot,0.0352352682497801,0.086466578715919,0.0196240105540897,0.5569422776911077,6.441127727753739,1.0,0.0165773374583935,2.061883531841887,0.875599672949916,0.1922455573505654,0.5150065536889482,0.3919485705048037
57,jumbo bag vintage christmas,"frozenset({""jumbo bag 50's christmas""})",0.0208883025505716,0.0318271767810026,0.0133025505716798,0.6368421052631579,20.009380965366784,1.0,0.0126377348737477,2.6659831364001376,0.9702911770874126,0.3375174337517433,0.6249038539117339,0.5274020543586947
58,jumbo bag pears,jumbo bag apples,0.025395778364116,0.0387532981530343,0.0169305189094107,0.6666666666666666,17.202836879432624,1.0,0.0159463487386377,2.883740105540897,0.9664128595600676,0.3585564610011642,0.6532281123120032,0.5517730496453901
59,jumbo bag pears,jumbo bag vintage leaf,0.025395778364116,0.0412818821459982,0.0130277044854881,0.512987012987013,12.426444394487005,1.0,0.0119793189560547,1.9685678686602168,0.9434870454853748,0.242827868852459,0.4920164979221226,0.4142831203417089
60,jumbo bag pink polkadot,jumbo bag red retrospot,0.0474934036939313,0.086466578715919,0.0296284080914687,0.6238425925925927,7.214840714840715,1.0,0.0255218159624805,2.428593464582911,0.9043473345016676,0.2839831401475237,0.5882390302933056,0.4832499676249676
61,jumbo bag pink vintage paisley,jumbo bag red retrospot,0.0325417766051011,0.086466578715919,0.0179199648197009,0.5506756756756757,6.36865345956255,1.0,0.0151061887313201,2.033127012782616,0.8713357501394312,0.1772702555736813,0.508146813399837,0.3789614869160324
62,jumbo bag scandinavian blue paisley,jumbo bag pink vintage paisley,0.0244613016710642,0.0325417766051011,0.0129727352682497,0.5303370786516854,16.29711509262071,1.0,0.0121767210538,2.059899088089617,0.9621755121180662,0.2946317103620474,0.5145393258426967,0.464492863650167
63,jumbo bag scandinavian blue paisley,jumbo bag red retrospot,0.0244613016710642,0.086466578715919,0.0144569041336851,0.5910112359550561,6.835140753016135,1.0,0.0123418190672502,2.233639409183604,0.8751034020423524,0.1498575498575498,0.5523001627350852,0.3791038379393844
64,jumbo bag spaceboy design,jumbo bag red retrospot,0.0259454705364995,0.086466578715919,0.0144569041336851,0.5572033898305084,6.444147531974958,1.0,0.0122134880632193,2.0630994011774457,0.8673235544035225,0.1475869809203142,0.5152923802753842,0.3621999148771105
65,jumbo bag strawberry,jumbo bag red retrospot,0.0354551451187335,0.086466578715919,0.022372471416007,0.6310077519379845,7.2977069442185725,1.0,0.0193067863197137,2.475752339194253,0.8946920933585321,0.2247377139701822,0.5960823769935504,0.4448745053396216
66,jumbo bag woodland animals,jumbo bag red retrospot,0.026660070360598,0.086466578715919,0.01429199648197,0.5360824742268041,6.199880719093464,1.0,0.0119867914095635,1.9691720414345744,0.8616789970068334,0.1446051167964405,0.4921723552039244,0.3506858652125756
67,jumbo shopper vintage red paisley,jumbo bag red retrospot,0.0429859278803869,0.086466578715919,0.0215479331574318,0.5012787723785166,5.797370265168451,1.0,0.0178310870406855,1.8317516293439773,0.864676939127173,0.1996943453897096,0.4540744585781319,0.3752420562464738
68,jumbo storage bag skulls,jumbo bag red retrospot,0.0257805628847845,0.086466578715919,0.0135773966578715,0.5266524520255864,6.090820983629668,1.0,0.0113482395878536,1.9299422278479008,0.8579366092826152,0.1376044568245125,0.4818497747908699,0.3418386227070081
69,jumbo storage bag suki,jumbo bag red retrospot,0.0422163588390501,0.086466578715919,0.023636763412489,0.5598958333333334,6.475286077558805,1.0,0.0199864592978327,2.0757209098999234,0.8828368249087066,0.2250130821559392,0.5182396654431675,0.4166294169845306
70,shed,key fob ,0.0145118733509234,0.0205035180299032,0.0145118733509234,1.0,48.77211796246649,1.0,0.0142143288940251,inf,0.9939201249442212,0.7077747989276139,1.0,0.853887399463807
71,key fob,shed,0.0205035180299032,0.0145118733509234,0.0145118733509234,0.7077747989276139,48.77211796246648,1.0,0.0142143288940251,3.3723584517440863,1.0,0.7077747989276139,0.7034716165825051,0.853887399463807
72,large white heart of wicker,small white heart of wicker,0.0277044854881266,0.0317172383465259,0.015391380826737,0.5555555555555556,17.515886770652802,1.0,0.0145126710572422,2.178636213720317,0.969776119402985,0.3495630461922597,0.5409972561264075,0.5204120932023878
73,lunch bag vintage leaf design,lunch bag apple design,0.0323218997361477,0.0468337730870712,0.0164907651715039,0.5102040816326531,10.893935038804257,1.0,0.0149770086535181,1.946047713280563,0.9385412406271304,0.2631578947368421,0.486137984605607,0.4311583788444955
74,lunch bag dolly girl design,lunch bag red retrospot,0.0322669305189094,0.0695910290237467,0.0165457343887423,0.5127768313458263,7.368432950903059,1.0,0.0143002454904936,1.9096156152554573,0.8931036467478942,0.1939432989690722,0.4763344036301118,0.3752667727029289
75,lunch bag dolly girl design,lunch bag spaceboy design,0.0322669305189094,0.0537598944591029,0.0192941952506596,0.5979557069846679,11.122709837898851,1.0,0.0175595284714438,2.3535717879343507,0.9404389293057284,0.2891268533772653,0.5751138736763727,0.4784257062530702
76,lunch bag pink polkadot,lunch bag red retrospot,0.0502418645558487,0.0695910290237467,0.02792436235708,0.5557986870897156,7.986642745289184,1.0,0.0244279793025668,2.0945660085524525,0.9210670708643188,0.3038277511961723,0.5225741294774965,0.4785312550772432
77,lunch bag suki design,lunch bag red retrospot,0.0490325417766051,0.0695910290237467,0.0245712401055408,0.5011210762331839,7.200943616772577,1.0,0.0211590150676571,1.864999555305209,0.9055297358109944,0.2612507305669199,0.463806842658282,0.4271008224767815
78,lunch bag woodland,lunch bag red retrospot,0.0443051890941073,0.0695910290237467,0.0234168865435356,0.5285359801488834,7.594886691049358,1.0,0.020333642843385,1.9734463963338424,0.9085876121794612,0.2588092345078979,0.4932722764308452,0.432514435572072
79,pack of 60 dinosaur cake cases,pack of 72 retrospot cake cases,0.0280343007915567,0.0545294635004397,0.014127088830255,0.503921568627451,9.241271347248578,1.0,0.0125983934484815,1.905889223773817,0.9175115761065464,0.2064257028112449,0.4753105335157319,0.3814970746363061
80,pack of 60 pink paisley cake cases,pack of 72 retrospot cake cases,0.0356200527704485,0.0545294635004397,0.0178649956024626,0.5015432098765431,9.197655316606928,1.0,0.0159226532350327,1.896795379726672,0.9241965695043672,0.247148288973384,0.4727950043066321,0.4145820888092393
81,pack of 60 spaceboy cake cases,pack of 72 retrospot cake cases,0.0216029023746701,0.0545294635004397,0.0113786279683377,0.5267175572519085,9.659320364442255,1.0,0.0102006332917945,1.9976877464748777,0.9162670757435486,0.1757215619694397,0.4994212675306232,0.3676934560453091
82,paper chain kit vintage christmas,"frozenset({""paper chain kit 50's christmas""})",0.0378188214599824,0.0529353562005277,0.0244063324538258,0.6453488372093024,12.19126276896327,1.0,0.0224043796687575,2.670411782516545,0.9540552892929492,0.3678541839270919,0.6255259183070189,0.5532040136202275
83,pink blue felt craft trinket box,pink cream felt craft trinket box,0.0248460861917326,0.0289687774846086,0.0128078276165347,0.5154867256637168,17.794562643784317,1.0,0.012088066874283,2.0041375003514013,0.9678503515248874,0.3123324396782841,0.5010322396419097,0.4788059814276838
84,pink regency teacup and saucer,regency cakestand 3 tier,0.0289138082673702,0.0894349164467898,0.0157761653474054,0.5456273764258556,6.100831734443248,1.0,0.0131902613208546,2.00400516296648,0.8609821973427964,0.1538049303322615,0.5009992895828049,0.3610128277335178
85,pink regency teacup and saucer,roses regency teacup and saucer,0.0289138082673702,0.0403474054529463,0.022372471416007,0.7737642585551331,19.17754685508853,1.0,0.0212058742706546,4.241825754048321,0.9760778140717008,0.4771395076201641,0.7642524568470032,0.6641300856808363
86,roses regency teacup and saucer,pink regency teacup and saucer,0.0403474054529463,0.0289138082673702,0.022372471416007,0.5544959128065395,19.177546855088533,1.0,0.0212058742706546,2.179746986947249,0.98770710639195,0.4771395076201641,0.5412311584838995,0.6641300856808363
87,scandinavian paisley picnic bag,pink vintage paisley picnic bag,0.016985488126649,0.0152814423922603,0.0106640281442392,0.627831715210356,41.08458475937696,1.0,0.0104044653859274,2.6458959504416653,0.9925183797778342,0.4936386768447835,0.6220561886293846,0.6628367209145305
88,pink vintage paisley picnic bag,scandinavian paisley picnic bag,0.0152814423922603,0.016985488126649,0.0106640281442392,0.697841726618705,41.084584759376966,1.0,0.0104044653859274,3.25330993215228,0.9908008365282466,0.4936386768447835,0.6926207398449634,0.6628367209145305
89,plasters in tin woodland animals,plasters in tin spaceboy,0.0316622691292876,0.0313874230430958,0.0158861037818821,0.501736111111111,15.985259778166958,1.0,0.0148923067462168,1.9439750673420797,0.9680944344399084,0.3368298368298368,0.4855901102850764,0.5039328541545047
90,plasters in tin spaceboy,plasters in tin woodland animals,0.0313874230430958,0.0316622691292876,0.0158861037818821,0.5061295971978984,15.985259778166958,1.0,0.0148923067462168,1.9607122139261588,0.9678197353778688,0.3368298368298368,0.4899812461525981,0.5039328541545047
91,"frozenset({""poppy's playhouse kitchen""})","frozenset({""poppy's playhouse bedroom""})",0.0185246262093227,0.0168755496921723,0.0135224274406332,0.7299703264094956,43.25609178515161,1.0,0.0132098141905089,3.6408015357553616,0.9953197960991093,0.6180904522613065,0.7253352070473326,0.7656366290027934
92,"frozenset({""poppy's playhouse bedroom""})","frozenset({""poppy's playhouse kitchen""})",0.0168755496921723,0.0185246262093227,0.0135224274406332,0.8013029315960912,43.2560917851516,1.0,0.0132098141905089,4.939556389405539,0.9936502633128091,0.6180904522613065,0.7975526704898399,0.7656366290027934
93,"frozenset({""poppy's playhouse livingroom""})","frozenset({""poppy's playhouse bedroom""})",0.0134124890061565,0.0168755496921723,0.0108839050131926,0.8114754098360656,48.08586532813585,1.0,0.0106575618884735,5.21483404076326,0.9925159776953848,0.5609065155807367,0.8082393433456923,0.7282132749506061
94,"frozenset({""poppy's playhouse bedroom""})","frozenset({""poppy's playhouse livingroom""})",0.0168755496921723,0.0134124890061565,0.0108839050131926,0.6449511400651466,48.08586532813585,1.0,0.0106575618884735,2.7787373016065136,0.9960121200825702,0.5609065155807367,0.6401243113475121,0.7282132749506061
95,"frozenset({""poppy's playhouse livingroom""})","frozenset({""poppy's playhouse kitchen""})",0.0134124890061565,0.0185246262093227,0.011433597185576,0.8524590163934426,46.01760957338132,1.0,0.0111851358402003,6.652221977914588,0.9915685913150812,0.5576407506702413,0.8496742887835064,0.7348348494430121
96,"frozenset({""poppy's playhouse kitchen""})","frozenset({""poppy's playhouse livingroom""})",0.0185246262093227,0.0134124890061565,0.011433597185576,0.6172106824925816,46.01760957338133,1.0,0.0111851358402003,2.577364272906397,0.996733300303729,0.5576407506702413,0.612006726983789,0.7348348494430121
97,red hanging heart t-light holder,white hanging heart t-light holder,0.0362247141600703,0.1054859278803869,0.0241314863676341,0.6661608497723824,6.315163199092852,1.0,0.0203102887822573,2.6794762433037502,0.8732854817086219,0.2052360916316035,0.6267927351477405,0.4474629157668582
98,strawberry charlotte bag,red retrospot charlotte bag,0.0267150395778364,0.040292436235708,0.0160510114335971,0.6008230452674898,14.911559126202148,1.0,0.0149745974048727,2.4042158556157007,0.9585455127818292,0.3149946062567422,0.5840639692712167,0.4995929687456139
99,woodland charlotte bag,red retrospot charlotte bag,0.0288038698328935,0.040292436235708,0.0157211961301671,0.5458015267175572,13.54600460306385,1.0,0.0145606180415836,2.1129695941701216,0.9536461953260686,0.2945417095777549,0.526732423050908,0.4679894400299927
100,roses regency teacup and saucer,regency cakestand 3 tier,0.0403474054529463,0.0894349164467898,0.0212730870712401,0.5272479564032698,5.8953256440616375,1.0,0.0176646202357111,1.9260944418675976,0.8652861367096462,0.196048632218845,0.4808146587919278,0.3825545252206884
101,regency milk jug pink,regency sugar bowl green,0.0134674582233949,0.0132475813544415,0.0101143359718557,0.7510204081632653,56.691133880938274,1.0,0.0099359247234037,3.963185943740358,0.995771062621584,0.609271523178808,0.7476777486104463,0.7572529426708443
102,regency sugar bowl green,regency milk jug pink,0.0132475813544415,0.0134674582233949,0.0101143359718557,0.7634854771784233,56.69113388093827,1.0,0.0099359247234037,4.171128816985297,0.9955491761389096,0.609271523178808,0.7602567449061056,0.7572529426708443
103,regency tea plate roses,regency tea plate green,0.0165457343887423,0.0135224274406332,0.0113786279683377,0.6877076411960134,50.85681873430031,1.0,0.0111548894756139,3.1588271206422283,0.996830241745708,0.6088235294117648,0.6834268031114384,0.7645855279150799
104,regency tea plate green,regency tea plate roses,0.0135224274406332,0.0165457343887423,0.0113786279683377,0.8414634146341464,50.85681873430031,1.0,0.0111548894756139,6.203326906163321,0.9937752064567292,0.6088235294117648,0.8387961790299252,0.7645855279150799
105,round snack boxes set of 4 fruits,round snack boxes set of4 woodland,0.0248460861917326,0.032211961301671,0.01429199648197,0.5752212389380531,17.857380168534235,1.0,0.013491655315064,2.2783343411023163,0.9680530743213944,0.3341902313624679,0.5610828569102047,0.5094536228819958
106,set of 12 fairy cake baking cases,set of 12 mini loaf baking cases,0.0247911169744942,0.0192941952506596,0.0132475813544415,0.5343680709534369,27.695794720184963,1.0,0.0127692567030536,2.10618246639025,0.9883968985735508,0.429590017825312,0.5252073284448698,0.6104888787815617
107,set of 12 mini loaf baking cases,set of 12 fairy cake baking cases,0.0192941952506596,0.0247911169744942,0.0132475813544415,0.6866096866096866,27.695794720184963,1.0,0.0127692567030536,3.111802890381386,0.9828568677536776,0.429590017825312,0.6786428847755718,0.6104888787815617
108,set of 6 snack loaf baking cases,set of 12 fairy cake baking cases,0.0153364116094986,0.0247911169744942,0.0105540897097625,0.6881720430107527,27.758815535369436,1.0,0.0101738829355824,3.127394004185243,0.978989595545135,0.3568773234200744,0.6802449583705323,0.5569463319266624
109,set of 6 tea time baking cases,set of 12 fairy cake baking cases,0.016985488126649,0.0247911169744942,0.011433597185576,0.6731391585760518,27.152433642606507,1.0,0.0110125079625594,2.983559850048329,0.9798134992838062,0.3768115942028985,0.6648299178634538,0.5671682489110857
110,set of 12 mini loaf baking cases,set of 6 snack loaf baking cases,0.0192941952506596,0.0153364116094986,0.0103342128408091,0.5356125356125355,34.924241031767906,1.0,0.0100383091207709,2.1203491995402817,0.990477050828417,0.425339366515837,0.5283795705835564,0.6047238305302821
111,set of 6 snack loaf baking cases,set of 12 mini loaf baking cases,0.0153364116094986,0.0192941952506596,0.0103342128408091,0.6738351254480287,34.92424103176791,1.0,0.0100383091207709,3.0067793354402856,0.986495900398023,0.425339366515837,0.6674182277983598,0.6047238305302821
112,set of 12 mini loaf baking cases,set of 6 tea time baking cases,0.0192941952506596,0.016985488126649,0.0102242744063324,0.5299145299145299,31.198074848560285,1.0,0.0098965530819891,2.091139961621492,0.9869899163036936,0.3924050632911393,0.5217919324612832,0.5659281387436728
113,set of 6 tea time baking cases,set of 12 mini loaf baking cases,0.016985488126649,0.0192941952506596,0.0102242744063324,0.6019417475728155,31.19807484856028,1.0,0.0098965530819891,2.463724338760537,0.9846718725479056,0.3924050632911393,0.5941104350565921,0.5659281387436728
114,set of tea coffee sugar tins pantry,set of 3 cake tins pantry design,0.0202286719437115,0.0611257695690413,0.0111587510993843,0.5516304347826086,9.024515170472316,1.0,0.0099222579594653,2.0939740412035923,0.9075492389737422,0.1589663273296789,0.5224391609815701,0.3670921958085705
115,set/6 red spotty paper cups,set/20 red retrospot paper napkins,0.0152814423922603,0.0391380826737027,0.0102242744063324,0.6690647482014388,17.094980195618785,1.0,0.0096261880506107,2.9034740545294637,0.9561140983024032,0.2313432835820895,0.6555850056796666,0.4651503516288093
116,set/6 red spotty paper plates,set/20 red retrospot paper napkins,0.0173702726473175,0.0391380826737027,0.0121481970096745,0.699367088607595,17.86922201678282,1.0,0.0114683578427391,3.1961301671064213,0.960725925910926,0.2738537794299876,0.6871216290588883,0.5048801735172807
117,set/6 red spotty paper plates,set/6 red spotty paper cups,0.0173702726473175,0.0152814423922603,0.0125879507475813,0.7246835443037976,47.42245697113196,1.0,0.0123225079267835,3.5766788988970784,0.9962175139559176,0.6273972602739726,0.7204110214343354,0.7742122757490211
118,set/6 red spotty paper cups,set/6 red spotty paper plates,0.0152814423922603,0.0173702726473175,0.0125879507475813,0.8237410071942446,47.42245697113196,1.0,0.0123225079267835,5.574919677633586,0.9941042915862444,0.6273972602739726,0.820625218330594,0.7742122757490211
119,small marshmallows pink bowl,small dolly mix design orange bowl,0.0156662269129287,0.0195690413368513,0.0122031662269129,0.7789473684210527,39.80508574807807,1.0,0.0118965931848613,4.435282908238055,0.9903933083695188,0.5298329355608592,0.7745352391968934,0.7012714370195152
120,small dolly mix design orange bowl,small marshmallows pink bowl,0.0195690413368513,0.0156662269129287,0.0122031662269129,0.6235955056179776,39.80508574807807,1.0,0.0118965931848613,2.61509569566416,0.9943357800500658,0.5298329355608592,0.6176048158933517,0.7012714370195152
121,sweetheart ceramic trinket box,strawberry ceramic trinket box,0.0206684256816182,0.0273746701846965,0.0111587510993843,0.5398936170212766,19.72237887721097,1.0,0.0105929597631131,2.1139140116217,0.9693307172829648,0.3025335320417287,0.5269438612439846,0.473762069554815
122,vintage heads and tails card game,vintage snap cards,0.0260004397537379,0.0375439753737906,0.0134124890061565,0.5158562367864694,13.740053674406225,1.0,0.0124363291363344,1.987955020297804,0.9519717650498354,0.2675438596491227,0.4969705100016821,0.4365518372804967
123,wooden frame antique white,wooden picture frame white finish,0.0439753737906772,0.0478232189973614,0.0256156552330694,0.5825,12.180275862068966,1.0,0.023512611301787,2.2806629485093137,0.9601217668031476,0.3870431893687707,0.561531001039141,0.559066091954023
124,wooden picture frame white finish,wooden frame antique white,0.0478232189973614,0.0439753737906772,0.0256156552330694,0.535632183908046,12.180275862068966,1.0,0.023512611301787,2.058765902975522,0.9640017185221303,0.3870431893687707,0.5142721187704216,0.559066091954023
125,wooden heart christmas scandinavian,wooden star christmas scandinavian,0.0245712401055408,0.0228671943711521,0.016985488126649,0.6912751677852349,30.229994837377387,1.0,0.0164236128032154,3.16506060953692,0.9912771818671744,0.5577617328519856,0.6840502842230531,0.7170318146618482
126,wooden star christmas scandinavian,wooden heart christmas scandinavian,0.0228671943711521,0.0245712401055408,0.016985488126649,0.7427884615384616,30.22999483737739,1.0,0.0164236128032154,3.792321159963505,0.989548469410048,0.5577617328519856,0.7363092528773002,0.7170318146618482
127,wooden tree christmas scandinavian,wooden heart christmas scandinavian,0.0145118733509234,0.0245712401055408,0.0104991204925241,0.7234848484848485,29.444376652430343,1.0,0.0101425457680374,3.5275779809881813,0.9802631117839596,0.3673076923076923,0.7165193780578396,0.575388956680903
128,wooden tree christmas scandinavian,wooden star christmas scandinavian,0.0145118733509234,0.0228671943711521,0.0118733509234828,0.8181818181818181,35.77972027972028,1.0,0.0115415050948777,5.3742304309586615,0.9863652139421886,0.4655172413793103,0.8139268472301775,0.6687062937062936
129,wooden star christmas scandinavian,wooden tree christmas scandinavian,0.0228671943711521,0.0145118733509234,0.0118733509234828,0.5192307692307692,35.77972027972027,1.0,0.0115415050948777,2.049815303430079,0.9947994799479948,0.4655172413793103,0.5121511687776747,0.6687062937062936
130,"alarm clock bakelike ivory', 'alarm clock bakelike red",alarm clock bakelike green,0.0169305189094107,0.0429309586631486,0.0116534740545294,0.6883116883116883,16.032991336448443,1.0,0.0109266306470838,3.070596507622398,0.9537765389533388,0.2417331812998859,0.6743303792870159,0.4798792756539235
131,"alarm clock bakelike ivory', 'alarm clock bakelike green",alarm clock bakelike red,0.0149516270888302,0.0469986807387862,0.0116534740545294,0.7794117647058824,16.583694530443758,1.0,0.0109507673064561,4.320272647317502,0.9539631064690028,0.2316939890710382,0.7685331270421302,0.5136824905400756
132,"alarm clock bakelike red', 'alarm clock bakelike pink",alarm clock bakelike green,0.02094327176781,0.0429309586631486,0.0143469656992084,0.6850393700787402,15.956768528133727,1.0,0.0134478509646735,3.038694206244503,0.9573813677070284,0.2896781354051054,0.6709112756574832,0.5096131549497414
133,"alarm clock bakelike pink', 'alarm clock bakelike green",alarm clock bakelike red,0.0185246262093227,0.0469986807387862,0.0143469656992084,0.774480712166172,16.478775573949708,1.0,0.0134763327061911,4.225808481460906,0.9570447764076516,0.280343716433942,0.7633588922954953,0.5398719350304544
134,"green regency teacup and saucer', 'pink regency teacup and saucer",regency cakestand 3 tier,0.0237467018469656,0.0894349164467898,0.0137423043095866,0.5787037037037037,6.470668578843133,1.0,0.0116185200140164,2.1613412972252024,0.8660216216216216,0.1381978993919292,0.5373243451722172,0.3661803705980104
135,"green regency teacup and saucer', 'regency cakestand 3 tier",pink regency teacup and saucer,0.0191292875989445,0.0289138082673702,0.0137423043095866,0.7183908045977011,24.84594204798741,1.0,0.0131892037556593,3.4483468849281134,0.9784694014794888,0.4006410256410256,0.7100059728994328,0.5968379878501814
136,"pink regency teacup and saucer', 'regency cakestand 3 tier",green regency teacup and saucer,0.0157761653474054,0.0358948988566402,0.0137423043095866,0.8710801393728222,24.267518982343617,1.0,0.0131760204500958,7.478328757517408,0.9741611840268082,0.3623188405797101,0.8662802836803912,0.6269642657047878
137,"green regency teacup and saucer', 'pink regency teacup and saucer",roses regency teacup and saucer,0.0237467018469656,0.0403474054529463,0.0199538258575197,0.8402777777777779,20.8260672116258,1.0,0.01899570804993,6.008259722381558,0.9751396024123298,0.4520547945205479,0.8335624546530722,0.6674140932485619
138,"green regency teacup and saucer', 'roses regency teacup and saucer",pink regency teacup and saucer,0.0278144239226033,0.0289138082673702,0.0199538258575197,0.717391304347826,24.811373780790213,1.0,0.0191496049371542,3.4361511399769973,0.9871529955211964,0.5426008968609866,0.7089767128209924,0.7037526863944454
139,"pink regency teacup and saucer', 'roses regency teacup and saucer",green regency teacup and saucer,0.022372471416007,0.0358948988566402,0.0199538258575197,0.8918918918918919,24.84731592235421,1.0,0.0191507682588691,8.917972185576076,0.9817176544755966,0.5208034433285509,0.8878668850731112,0.723893878564629
140,green regency teacup and saucer,"pink regency teacup and saucer', 'roses regency teacup and saucer",0.0358948988566402,0.022372471416007,0.0199538258575197,0.555895865237366,24.84731592235421,1.0,0.0191507682588691,2.201347504018439,0.9954871135668216,0.5208034433285509,0.5457327849535093,0.723893878564629
141,pink regency teacup and saucer,"green regency teacup and saucer', 'roses regency teacup and saucer",0.0289138082673702,0.0278144239226033,0.0199538258575197,0.6901140684410647,24.811373780790216,1.0,0.0191496049371542,3.137236889673072,0.9882705693868378,0.5426008968609866,0.6812481699129169,0.7037526863944454
142,"green regency teacup and saucer', 'regency cakestand 3 tier",roses regency teacup and saucer,0.0191292875989445,0.0403474054529463,0.0157211961301671,0.8218390804597702,20.36906887155877,1.0,0.0149493790073864,5.38643714358669,0.9694508584891908,0.3592964824120603,0.8143485251302635,0.6057424285132638
143,"green regency teacup and saucer', 'roses regency teacup and saucer",regency cakestand 3 tier,0.0278144239226033,0.0894349164467898,0.0157211961301671,0.5652173913043478,6.31987386761444,1.0,0.0132336154506334,2.0942996921723838,0.8658521733835541,0.1548456957227937,0.5225134188112704,0.3705005210977793
144,"roses regency teacup and saucer', 'regency cakestand 3 tier",green regency teacup and saucer,0.0212730870712401,0.0358948988566402,0.0157211961301671,0.7390180878552971,20.588387525671617,1.0,0.0149576008213764,3.6941452885394073,0.972108683229155,0.3793103448275862,0.7293013885776592,0.5884983241726716
145,"jumbo bag pink vintage paisley', 'jumbo bag red retrospot",jumbo bag pink polkadot,0.0179199648197009,0.0474934036939313,0.010004397537379,0.558282208588957,11.75494205862304,1.0,0.0091533174140159,2.156369099970683,0.9316240683082728,0.1805555555555556,0.5362574987679078,0.3844651783685526
146,"jumbo bag pink vintage paisley', 'jumbo bag pink polkadot",jumbo bag red retrospot,0.0137972735268249,0.086466578715919,0.010004397537379,0.7250996015936255,8.38589443877383,1.0,0.0088113944999067,3.32314331510586,0.8930741239140993,0.1108404384896467,0.699080086177943,0.4204010404662343
147,"jumbo bag strawberry', 'jumbo bag red retrospot",jumbo bag pink polkadot,0.022372471416007,0.0474934036939313,0.012697889182058,0.5675675675675675,11.95045045045045,1.0,0.0116353443654666,2.2026715039577835,0.9372906542431424,0.2221153846153846,0.5460058396346484,0.4174643393393393
148,"jumbo bag strawberry', 'jumbo bag pink polkadot",jumbo bag red retrospot,0.0160510114335971,0.086466578715919,0.012697889182058,0.7910958904109588,9.149152217645367,1.0,0.0113100131384648,4.372979655982812,0.9052301143921256,0.1413708690330477,0.771322969995557,0.4689745186320528
149,"jumbo shopper vintage red paisley', 'jumbo bag pink polkadot",jumbo bag red retrospot,0.0133575197889182,0.086466578715919,0.0102792436235708,0.7695473251028806,8.899939566606232,1.0,0.0091242645872928,3.964082524500564,0.8996568709382466,0.1147943523634131,0.74773481787542,0.4442142219919997
150,"jumbo storage bag suki', 'jumbo bag red retrospot",jumbo bag pink polkadot,0.023636763412489,0.0474934036939313,0.0119832893579595,0.5069767441860465,10.67467700258398,1.0,0.0108606990111922,1.9319709264698564,0.9282614467128568,0.2026022304832714,0.4823938671648521,0.3796457795004306
151,"jumbo storage bag suki', 'jumbo bag pink polkadot",jumbo bag red retrospot,0.015391380826737,0.086466578715919,0.0119832893579595,0.7785714285714286,9.004304786122967,1.0,0.0106524493161578,4.125634805799075,0.9028379314159748,0.1333333333333333,0.7576130590632065,0.458580056307329
152,"lunch bag red retrospot', 'jumbo bag pink polkadot",jumbo bag red retrospot,0.0130277044854881,0.086466578715919,0.0101693051890941,0.7805907172995781,9.027658187612158,1.0,0.0090428441537119,4.163604247006292,0.9009668314931472,0.1138461538461538,0.7598234748850066,0.4491001901818933
153,"jumbo shopper vintage red paisley', 'jumbo storage bag suki",jumbo bag red retrospot,0.0136873350923482,0.086466578715919,0.0101693051890941,0.7429718875502007,8.59259032314892,1.0,0.0089858081519204,3.554215967183376,0.8958829084894959,0.1130116065974343,0.7186439965288677,0.4302907753072046
154,"lunch bag pink polkadot', 'jumbo bag red retrospot",lunch bag red retrospot,0.0150065963060686,0.0695910290237467,0.0101143359718557,0.673992673992674,9.68505112580942,1.0,0.0090700114927724,2.8539511132192943,0.91041025193079,0.1357933579335793,0.6496085741034341,0.4096661632206656
155,"lunch bag red retrospot', 'lunch bag apple design",lunch bag  black skull.,0.021108179419525,0.057113016710642,0.0109938434476693,0.5208333333333334,9.11934552454283,1.0,0.0097882916437507,1.96776413903866,0.9095417789757412,0.1635322976287817,0.4918090130006413,0.3566630574270132
156,"lunch bag apple design', 'lunch bag  black skull.",lunch bag red retrospot,0.0173153034300791,0.0695910290237467,0.0109938434476693,0.6349206349206349,9.12359888663206,1.0,0.0097888536641116,2.548511529195824,0.9060832354421884,0.1448225923244026,0.6076140960933587,0.3964492590085007
157,"lunch bag suki design', 'lunch bag apple design",lunch bag  black skull.,0.019514072119613,0.057113016710642,0.0108839050131926,0.5577464788732395,9.76566308340902,1.0,0.0097693974861324,2.1320055991574653,0.9154648463669038,0.1655518394648829,0.530958079849704,0.3741571662893628
158,"lunch bag apple design', 'lunch bag  black skull.",lunch bag suki design,0.0173153034300791,0.0490325417766051,0.0108839050131926,0.6285714285714286,12.81947469570788,1.0,0.0100348916743826,2.56029700290914,0.9382395866705314,0.1962338949454906,0.609420313790256,0.4252722613709161
159,"lunch bag cars blue', 'lunch bag pink polkadot",lunch bag  black skull.,0.0231420404573438,0.057113016710642,0.0140721196130167,0.6080760095011877,10.646890052786915,1.0,0.012750407869658,2.4057904240292105,0.9275410517838052,0.212624584717608,0.5843361957002045,0.4272333849238373
160,"lunch bag cars blue', 'lunch bag  black skull.",lunch bag pink polkadot,0.0228671943711521,0.0502418645558487,0.0140721196130167,0.6153846153846154,12.24844302306009,1.0,0.012923229130649,2.469371152154794,0.9398486723672368,0.2383612662942272,0.595038599553011,0.4477360713684565
161,"lunch bag pink polkadot', 'lunch bag  black skull.",lunch bag cars blue,0.0249560246262093,0.0521108179419525,0.0140721196130167,0.5638766519823788,10.82072157475046,1.0,0.0127716407571654,2.1734428719916843,0.9308141419551246,0.2233856893542757,0.5399004901915702,0.4169594230376029
162,"lunch bag red retrospot', 'lunch bag cars blue",lunch bag  black skull.,0.0245712401055408,0.057113016710642,0.0140721196130167,0.5727069351230425,10.0276078573228,1.0,0.0126687819662677,2.206651735760958,0.9229534287827555,0.208130081300813,0.5468247282550218,0.4095488477347647
163,"lunch bag red retrospot', 'lunch bag  black skull.",lunch bag cars blue,0.0278693931398416,0.0521108179419525,0.0140721196130167,0.504930966469428,9.689561331236114,1.0,0.0126198227409537,1.9146606187387651,0.9225058312128924,0.213511259382819,0.4777142276740799,0.3874865802811275
164,"lunch bag cars blue', 'lunch bag  black skull.",lunch bag red retrospot,0.0228671943711521,0.0695910290237467,0.0140721196130167,0.6153846153846154,8.842872767043383,1.0,0.0124807680258422,2.419063324538259,0.9076704545454546,0.1795231416549789,0.5866168570883211,0.4087981528739823
165,"lunch bag spaceboy design', 'lunch bag cars blue",lunch bag  black skull.,0.0212181178540017,0.057113016710642,0.0120382585751978,0.5673575129533679,9.933944057408729,1.0,0.0108264278556339,2.1793675182616297,0.9188309107237466,0.181592039800995,0.5411512782398221,0.3890685543592633
166,"lunch bag spaceboy design', 'lunch bag  black skull.",lunch bag cars blue,0.0226473175021987,0.0521108179419525,0.0120382585751978,0.5315533980582524,10.200442423497604,1.0,0.0108580883359672,2.02347327983376,0.9228654637348412,0.1919368974583698,0.5058002445764166,0.3812830281430502
167,"lunch bag cars blue', 'lunch bag  black skull.",lunch bag spaceboy design,0.0228671943711521,0.0537598944591029,0.0120382585751978,0.5264423076923077,9.792472864558754,1.0,0.0108089206192289,1.9981516949493057,0.9188932591889326,0.1863829787234042,0.4995374963133764,0.3751843440302029
168,"lunch bag suki design', 'lunch bag cars blue",lunch bag  black skull.,0.0212181178540017,0.057113016710642,0.0121481970096745,0.5725388601036269,10.024665007704696,1.0,0.0109363662901106,2.205784094240558,0.9197616543917526,0.1835548172757475,0.546646472512399,0.3926216918419963
169,"lunch bag suki design', 'lunch bag  black skull.",lunch bag cars blue,0.0223175021987686,0.0521108179419525,0.0121481970096745,0.5443349753694582,10.445719274178463,1.0,0.0109852137156754,2.080232475219283,0.9249086550863892,0.1950573698146513,0.5192844973278348,0.3887286691193282
170,"lunch bag cars blue', 'lunch bag  black skull.",lunch bag suki design,0.0228671943711521,0.0490325417766051,0.0121481970096745,0.53125,10.834641255605382,1.0,0.0110269603463573,2.0287305775432425,0.9289458357600464,0.2033118675252989,0.5070809248554913,0.3895039237668161
171,"lunch bag woodland', 'lunch bag cars blue",lunch bag  black skull.,0.0193491644678979,0.057113016710642,0.0104441512752858,0.5397727272727273,9.45095808907166,1.0,0.0093390621216938,2.048742087147247,0.91183384470144,0.1582014987510407,0.5118956132772958,0.3613204348586928
172,"lunch bag woodland', 'lunch bag  black skull.",lunch bag cars blue,0.0187445030782761,0.0521108179419525,0.0104441512752858,0.5571847507331378,10.692304836853632,1.0,0.0094673598879614,2.140597424382743,0.923790794559644,0.1728844404003639,0.5328406973635608,0.3788033458307039
173,"lunch bag spaceboy design', 'lunch bag dolly girl design",lunch bag  black skull.,0.0192941952506596,0.057113016710642,0.010004397537379,0.5185185185185185,9.078815099989306,1.0,0.0089024478416097,1.958303734524051,0.9073602536693172,0.1506622516556291,0.489353984077939,0.3468434748511745
174,"lunch bag dolly girl design', 'lunch bag  black skull.",lunch bag spaceboy design,0.0143469656992084,0.0537598944591029,0.010004397537379,0.6973180076628354,12.970970547446116,1.0,0.0092331061755812,3.126185665141446,0.9363383813776988,0.1721854304635761,0.680121366062641,0.4417060385962438
175,"lunch bag red retrospot', 'lunch bag pink polkadot",lunch bag  black skull.,0.02792436235708,0.057113016710642,0.0164357959542656,0.5885826771653543,10.305578501436116,1.0,0.0148409513803316,2.2918018541195875,0.9289042340486532,0.2395833333333333,0.5636621035965793,0.4381796927693951
176,"lunch bag red retrospot', 'lunch bag  black skull.",lunch bag pink polkadot,0.0278693931398416,0.0502418645558487,0.0164357959542656,0.5897435897435896,11.738091230432586,1.0,0.0150355856788799,2.3150354551451184,0.9410333001438212,0.266488413547237,0.5680411728565449,0.4584385344779217
177,"lunch bag pink polkadot', 'lunch bag  black skull.",lunch bag red retrospot,0.0249560246262093,0.0695910290237467,0.0164357959542656,0.658590308370044,9.463724241601769,1.0,0.0146990805201857,2.7251978891820574,0.9172236088951368,0.2104152005629838,0.6330541704991043,0.4473836217995559
178,"lunch bag spaceboy design', 'lunch bag pink polkadot",lunch bag  black skull.,0.0199538258575197,0.057113016710642,0.0121481970096745,0.6088154269972451,10.65983661976312,1.0,0.0110085738200328,2.410337851648147,0.9246400381299572,0.187129551227773,0.5851204015585544,0.4107599752888054
179,"lunch bag spaceboy design', 'lunch bag  black skull.",lunch bag pink polkadot,0.0226473175021987,0.0502418645558487,0.0121481970096745,0.5364077669902912,10.676509953049647,1.0,0.0110103535511758,2.048692941376913,0.9273381551287988,0.1999999999999999,0.5118839042185078,0.3891010388561959
180,"lunch bag suki design', 'lunch bag pink polkadot",lunch bag  black skull.,0.0195690413368513,0.057113016710642,0.0120932277924362,0.6179775280898877,10.820257161704752,1.0,0.0109755808075534,2.4681453386103787,0.92569573283859,0.1872340425531915,0.5948374739702231,0.414859793881325
181,"lunch bag suki design', 'lunch bag  black skull.",lunch bag pink polkadot,0.0223175021987686,0.0502418645558487,0.0120932277924362,0.541871921182266,10.785266947645278,1.0,0.0109719548697408,2.0731279730662657,0.9279913721721886,0.2,0.5176371102064928,0.3912860700003234
182,"lunch bag woodland', 'lunch bag pink polkadot",lunch bag  black skull.,0.0172603342128408,0.057113016710642,0.0106090589270008,0.6146496815286624,10.761989419027358,1.0,0.0096232691706716,2.4468306839079204,0.9230118703219924,0.1663793103448276,0.5913080514411139,0.4002026078480655
183,"lunch bag woodland', 'lunch bag  black skull.",lunch bag pink polkadot,0.0187445030782761,0.0502418645558487,0.0106090589270008,0.5659824046920822,11.265155258378948,1.0,0.0096673001421754,2.1882940823409167,0.928637544579584,0.1817325800376648,0.5430230296422246,0.3885710710550126
184,"lunch bag red retrospot', 'lunch bag spaceboy design",lunch bag  black skull.,0.0251759014951627,0.057113016710642,0.0137972735268249,0.5480349344978166,9.59562226023511,1.0,0.0123594018440262,2.0861943881474683,0.9189204611575128,0.2014446227929373,0.5206582830049716,0.3948066876531431
185,"lunch bag spaceboy design', 'lunch bag  black skull.",lunch bag red retrospot,0.0226473175021987,0.0695910290237467,0.0137972735268249,0.6092233009708738,8.754336722955875,1.0,0.0122212233972194,2.3809223356659404,0.9062960755403582,0.1758934828311142,0.5799946999445904,0.4037427721284069
186,"lunch bag red retrospot', 'lunch bag suki design",lunch bag  black skull.,0.0245712401055408,0.057113016710642,0.0136873350923482,0.5570469798657719,9.753415454974132,1.0,0.0122839974455993,2.128638795607793,0.9200793028411194,0.2012934518997575,0.5302162104423788,0.3983502464295173
187,"lunch bag suki design', 'lunch bag  black skull.",lunch bag red retrospot,0.0223175021987686,0.0695910290237467,0.0136873350923482,0.6133004926108375,8.812924614199334,1.0,0.0121342371490962,2.406025746601012,0.9067670660151006,0.1749824314827829,0.5843768499099821,0.4049914785329069
188,"lunch bag red retrospot', 'lunch bag woodland",lunch bag  black skull.,0.0234168865435356,0.057113016710642,0.0123131046613896,0.5258215962441315,9.206685735200423,1.0,0.0109756956289174,1.9884646281250815,0.9127572128142036,0.1804995970991136,0.4970994274397038,0.3707067557736538
189,"lunch bag woodland', 'lunch bag  black skull.",lunch bag red retrospot,0.0187445030782761,0.0695910290237467,0.0123131046613896,0.656891495601173,9.439312865700268,1.0,0.0110086554036335,2.711704778657285,0.9111389317925366,0.1619667389732466,0.6312282930389069,0.4169133623345517
190,"lunch bag spaceboy design', 'lunch bag suki design",lunch bag  black skull.,0.0206684256816182,0.057113016710642,0.0119283201407211,0.5771276595744681,10.105010955706184,1.0,0.0107478839993842,2.229720161740872,0.9200552912620356,0.181135225375626,0.5515132270144419,0.39299116376221
191,"lunch bag spaceboy design', 'lunch bag  black skull.",lunch bag suki design,0.0226473175021987,0.0490325417766051,0.0119283201407211,0.5266990291262136,10.741825939309503,1.0,0.0108178645991665,2.0092235527591726,0.9279208762499156,0.1996320147194112,0.5022953027667096,0.3849862858635552
192,"lunch bag suki design', 'lunch bag  black skull.",lunch bag spaceboy design,0.0223175021987686,0.0537598944591029,0.0119283201407211,0.5344827586206897,9.94203511741062,1.0,0.0107285335779245,2.032663930421186,0.9199479111878498,0.1859468723221936,0.5080347591976059,0.3781820746068683
193,"lunch bag spaceboy design', 'lunch bag woodland",lunch bag  black skull.,0.0220426561125769,0.057113016710642,0.011268689533861,0.5112219451371571,8.951058350274458,1.0,0.0100097669469564,1.929069797444044,0.9083027729833254,0.165991902834008,0.481615439044783,0.3542635230979337
194,"lunch bag woodland', 'lunch bag  black skull.",lunch bag spaceboy design,0.0187445030782761,0.0537598944591029,0.011268689533861,0.6011730205278591,11.18255581742619,1.0,0.0102609870266845,2.372557911687102,0.9279693287661688,0.1840215439856373,0.578513976382178,0.4053922362352997
195,"lunch bag suki design', 'lunch bag woodland",lunch bag  black skull.,0.0166556728232189,0.057113016710642,0.0100593667546174,0.6039603960396039,10.574829186479764,1.0,0.0091081110343379,2.380789632805629,0.9207719003069016,0.1578947368421052,0.5799712892644129,0.390045645565519
196,"lunch bag woodland', 'lunch bag  black skull.",lunch bag suki design,0.0187445030782761,0.0490325417766051,0.0100593667546174,0.5366568914956011,10.9449127467354,1.0,0.0091402761243501,2.052404450975808,0.9259905844769072,0.1742857142857143,0.5127665994270506,0.3709069210841234
197,"lunch bag apple design', 'lunch bag pink polkadot",lunch bag red retrospot,0.0157211961301671,0.0695910290237467,0.0104441512752858,0.6643356643356644,9.546283100785471,1.0,0.0093500970591033,2.7718433927000885,0.9095463443597264,0.1395007342143906,0.6392292570952621,0.4072073266386062
198,"lunch bag red retrospot', 'lunch bag apple design",lunch bag spaceboy design,0.021108179419525,0.0537598944591029,0.0105540897097625,0.5,9.300613496932517,1.0,0.009419316211945,1.8924802110817944,0.9117250673854448,0.164102564102564,0.4715928895085395,0.348159509202454
199,"lunch bag spaceboy design', 'lunch bag apple design",lunch bag red retrospot,0.0167656112576956,0.0695910290237467,0.0105540897097625,0.6295081967213114,9.045823945303397,1.0,0.0093873535701273,2.511280850865108,0.9046182283222453,0.1392313270485859,0.6017968282378646,0.3905834822469116
200,"lunch bag red retrospot', 'lunch bag apple design",lunch bag suki design,0.021108179419525,0.0490325417766051,0.0118183817062445,0.5598958333333334,11.41886210762332,1.0,0.0107833940170285,2.160778129927714,0.9321005453519714,0.2026390197926484,0.5372037572254336,0.4004636117339312
201,"lunch bag suki design', 'lunch bag apple design",lunch bag red retrospot,0.019514072119613,0.0695910290237467,0.0118183817062445,0.6056338028169014,8.702756825312061,1.0,0.010460377346997,2.359251319261213,0.9027094190153472,0.1529160739687055,0.5761367210708419,0.3877300135727477
202,"lunch bag woodland', 'lunch bag apple design",lunch bag red retrospot,0.0161609498680738,0.0695910290237467,0.0104441512752858,0.6462585034013606,9.28652029532192,1.0,0.0093194941439653,2.6301945910290243,0.9069746105122009,0.1386861313868613,0.619799993730211,0.3981687461714543
203,"lunch bag red retrospot', 'lunch bag cars blue",lunch bag pink polkadot,0.0245712401055408,0.0502418645558487,0.0148966578715919,0.6062639821029083,12.066908492796616,1.0,0.01366215295424,2.412169809906453,0.9402313837170494,0.2486238532110091,0.5854354880435299,0.4513814440055023
204,"lunch bag red retrospot', 'lunch bag pink polkadot",lunch bag cars blue,0.02792436235708,0.0521108179419525,0.0148966578715919,0.5334645669291338,10.237117512209707,1.0,0.013441496508657,2.031762466183494,0.9282366698355968,0.2286919831223628,0.5078164811861983,0.4096647729160437
205,"lunch bag cars blue', 'lunch bag pink polkadot",lunch bag red retrospot,0.0231420404573438,0.0695910290237467,0.0148966578715919,0.6437054631828979,9.24983395436278,1.0,0.0132861794624561,2.6113478452066845,0.9130190756074462,0.1913841807909604,0.6170559958775421,0.4288827473892372
206,"lunch bag spaceboy design', 'lunch bag cars blue",lunch bag pink polkadot,0.0212181178540017,0.0502418645558487,0.0120382585751978,0.5673575129533679,11.292525028060906,1.0,0.010972220771847,2.1952493430026494,0.9312042475036632,0.2025901942645697,0.5444708806370916,0.4034818199340143
207,"lunch bag spaceboy design', 'lunch bag pink polkadot",lunch bag cars blue,0.0199538258575197,0.0521108179419525,0.0120382585751978,0.6033057851239669,11.577361648708024,1.0,0.0109984483886912,2.389470646437995,0.9322260101097412,0.2005494505494505,0.5814972653082351,0.4171592216759075
208,"lunch bag cars blue', 'lunch bag pink polkadot",lunch bag spaceboy design,0.0231420404573438,0.0537598944591029,0.0120382585751978,0.5201900237529691,9.67617271177302,1.0,0.0107941449226427,1.9721142793698891,0.91789532430472,0.185593220338983,0.4929299937326602,0.3720582020605336
209,"lunch bag suki design', 'lunch bag cars blue",lunch bag pink polkadot,0.0212181178540017,0.0502418645558487,0.0112137203166226,0.5284974093264249,10.51906440970057,1.0,0.0101476825132718,2.0143221993485847,0.924551759376108,0.1861313868613138,0.5035550914727585,0.3758460788426435
210,"lunch bag suki design', 'lunch bag pink polkadot",lunch bag cars blue,0.0195690413368513,0.0521108179419525,0.0112137203166226,0.5730337078651686,10.996444318020195,1.0,0.0101939615662194,2.220056242188585,0.9272060472540664,0.1854545454545454,0.5495609611159329,0.3941117906414451
211,"lunch bag woodland', 'lunch bag cars blue",lunch bag pink polkadot,0.0193491644678979,0.0502418645558487,0.0105540897097625,0.5454545454545455,10.856574497712357,1.0,0.0095819516092975,2.089467897977133,0.9258034379671152,0.1787709497206704,0.5214092540171948,0.3777600954843844
212,"lunch bag woodland', 'lunch bag pink polkadot",lunch bag cars blue,0.0172603342128408,0.0521108179419525,0.0105540897097625,0.6114649681528662,11.733935338224622,1.0,0.0096546395759799,2.4396492062805484,0.9308437744714174,0.1794392523364486,0.5901050046762318,0.4069983068612432
213,"lunch bag red retrospot', 'lunch bag cars blue",lunch bag spaceboy design,0.0245712401055408,0.0537598944591029,0.012532981530343,0.5100671140939598,9.487874171367398,1.0,0.0112120342555398,1.9313667907615573,0.9171375183520932,0.1904761904761904,0.4822319588472938,0.371597974224894
214,"lunch bag spaceboy design', 'lunch bag cars blue",lunch bag red retrospot,0.0212181178540017,0.0695910290237467,0.012532981530343,0.5906735751295337,8.4877833165533,1.0,0.0110563908749358,2.2730244480812263,0.9013076609303784,0.1601123595505617,0.5600575256266381,0.3853841809296957
215,"lunch bag red retrospot', 'lunch bag suki design",lunch bag cars blue,0.0245712401055408,0.0521108179419525,0.012862796833773,0.5234899328859061,10.045705547532071,1.0,0.0115823694140252,1.9892322271359024,0.9231376118950084,0.2015503875968992,0.4972934852157506,0.3851626879619403
216,"lunch bag red retrospot', 'lunch bag cars blue",lunch bag suki design,0.0245712401055408,0.0490325417766051,0.012862796833773,0.5234899328859061,10.676377644686552,1.0,0.0116580064767951,1.9956922714828995,0.9291660344914784,0.2117647058823529,0.4989207432982891,0.3929108857254642
217,"lunch bag suki design', 'lunch bag cars blue",lunch bag red retrospot,0.0212181178540017,0.0695910290237467,0.012862796833773,0.6062176165803108,8.711146035409964,1.0,0.0113862061783659,2.3627490973475904,0.9043940820869946,0.1650211565585331,0.5767642018686644,0.3955258699015298
218,"lunch bag red retrospot', 'lunch bag woodland",lunch bag cars blue,0.0234168865435356,0.0521108179419525,0.0122581354441512,0.5234741784037559,10.045403221013848,1.0,0.0110378623327137,1.9891664608705824,0.922043364940035,0.1937445699391833,0.497276864620803,0.3793531229571522
219,"lunch bag woodland', 'lunch bag cars blue",lunch bag red retrospot,0.0193491644678979,0.0695910290237467,0.0122581354441512,0.6335227272727273,9.10351141749246,1.0,0.0109116071780805,2.538790370415823,0.9077158197430072,0.1598566308243727,0.6061116303051787,0.4048340334625879
220,"lunch bag spaceboy design', 'lunch bag suki design",lunch bag cars blue,0.0206684256816182,0.0521108179419525,0.0111587510993843,0.5398936170212766,10.36049016967412,1.0,0.0100817025315427,2.0601522107157564,0.9225470656807075,0.1810883140053523,0.51459897244555,0.3770143190591615
221,"lunch bag spaceboy design', 'lunch bag cars blue",lunch bag suki design,0.0212181178540017,0.0490325417766051,0.0111587510993843,0.5259067357512953,10.72566741792328,1.0,0.010118372849287,2.0058657861979805,0.9264226537908016,0.1888372093023255,0.501462158195813,0.3767426055438091
222,"lunch bag suki design', 'lunch bag cars blue",lunch bag spaceboy design,0.0212181178540017,0.0537598944591029,0.0111587510993843,0.5259067357512953,9.782510569312436,1.0,0.0100180673229324,1.9958944302665915,0.9172388340897988,0.1748492678725236,0.4989714962697551,0.3667365989594922
223,"lunch bag spaceboy design', 'lunch bag woodland",lunch bag cars blue,0.0220426561125769,0.0521108179419525,0.0113786279683377,0.516209476309227,9.90599450740238,1.0,0.0102299671286981,1.959296711367408,0.9193151723840176,0.1812609457092819,0.4896127808523229,0.3672819533444869
224,"lunch bag spaceboy design', 'lunch bag cars blue",lunch bag woodland,0.0212181178540017,0.0443051890941073,0.0113786279683377,0.5362694300518135,12.103986937348129,1.0,0.0104385552445951,2.060883782176953,0.9372696930579228,0.2101522842639593,0.5147712798517537,0.3965466256958819
225,"lunch bag woodland', 'lunch bag cars blue",lunch bag spaceboy design,0.0193491644678979,0.0537598944591029,0.0113786279683377,0.5880681818181819,10.938789737869492,1.0,0.0103384189286717,2.2970794286234195,0.9265093910443882,0.1843276936776491,0.5646645964701037,0.3998623117679866
226,"lunch bag red retrospot', 'lunch bag dolly girl design",lunch bag spaceboy design,0.0165457343887423,0.0537598944591029,0.0114885664028144,0.6943521594684385,12.915802131952796,1.0,0.0105990694683272,3.095850780084892,0.9380969662381368,0.1953271028037383,0.6769870155135258,0.4540267954806405
227,"lunch bag spaceboy design', 'lunch bag dolly girl design",lunch bag red retrospot,0.0192941952506596,0.0695910290237467,0.0114885664028144,0.5954415954415955,8.556298186629942,1.0,0.0101458635011359,2.299813724032852,0.9005014791744944,0.1484375,0.5651821756040118,0.3802642416386492
228,"lunch bag spaceboy design', 'lunch bag dolly girl design",lunch bag woodland,0.0192941952506596,0.0443051890941073,0.0101143359718557,0.5242165242165242,11.83194417933872,1.0,0.0092595030028566,2.008675919927954,0.9334940525365368,0.1891058581706063,0.5021596116730133,0.3762521827037956
229,"lunch bag woodland', 'lunch bag dolly girl design",lunch bag spaceboy design,0.0135773966578715,0.0537598944591029,0.0101143359718557,0.7449392712550608,13.85678448125978,1.0,0.0093844165604992,3.7098620010889145,0.940604140671375,0.1767531219980788,0.730448194648081,0.4665391652798821
230,"lunch bag red retrospot', 'lunch bag spaceboy design",lunch bag pink polkadot,0.0251759014951627,0.0502418645558487,0.0134674582233949,0.5349344978165939,10.647186416060697,1.0,0.0122025739904035,2.0422029391240435,0.9294789439402692,0.217391304347826,0.5103326996341865,0.4014935071139862
231,"lunch bag spaceboy design', 'lunch bag pink polkadot",lunch bag red retrospot,0.0199538258575197,0.0695910290237467,0.0134674582233949,0.6749311294765841,9.698536419777266,1.0,0.0120788509490094,2.862190309020169,0.9151524516924388,0.1770231213872832,0.6506172224647299,0.4342270181348165
232,"lunch bag red retrospot', 'lunch bag suki design",lunch bag pink polkadot,0.0245712401055408,0.0502418645558487,0.0136873350923482,0.5570469798657719,11.087307065337114,1.0,0.0124528301749964,2.144150942139069,0.932724982771322,0.2239208633093524,0.533614924048971,0.414737931946015
233,"lunch bag suki design', 'lunch bag pink polkadot",lunch bag red retrospot,0.0195690413368513,0.0695910290237467,0.0136873350923482,0.6994382022471911,10.050694925182386,1.0,0.0123255053687085,3.0955662959583763,0.9184781287067986,0.1813546977421704,0.6769573304549746,0.4480603333510837
234,"lunch bag red retrospot', 'lunch bag woodland",lunch bag pink polkadot,0.0234168865435356,0.0502418645558487,0.0127528583992963,0.5446009389671361,10.839584553271488,1.0,0.0115763503572564,2.085551369583549,0.929511814508146,0.2093862815884476,0.5205104920529078,0.3992151303150779
235,"lunch bag woodland', 'lunch bag pink polkadot",lunch bag red retrospot,0.0172603342128408,0.0695910290237467,0.0127528583992963,0.7388535031847133,10.617079723488391,1.0,0.011551693980131,3.562785571787116,0.9217213604854356,0.172106824925816,0.7193207450039173,0.4610539237882492
236,"lunch bag spaceboy design', 'lunch bag pink polkadot",lunch bag woodland,0.0199538258575197,0.0443051890941073,0.0108289357959542,0.5426997245179064,12.249123310706889,1.0,0.0099448777681859,2.089862749149633,0.9370594249430504,0.2026748971193415,0.5214996772362679,0.3935582989835189
237,"lunch bag woodland', 'lunch bag pink polkadot",lunch bag spaceboy design,0.0172603342128408,0.0537598944591029,0.0108289357959542,0.6273885350318471,11.670196553475831,1.0,0.0099010220503431,2.5394819926482195,0.9303701398593852,0.1799086757990867,0.6062189049203766,0.4144100139371914
238,"lunch bag red retrospot', 'lunch bag suki design",lunch bag spaceboy design,0.0245712401055408,0.0537598944591029,0.0124780123131046,0.5078299776286354,9.446260688159647,1.0,0.0111570650383015,1.92258785080355,0.9166615153738163,0.1894824707846411,0.4798677212164595,0.369968158548469
239,"lunch bag spaceboy design', 'lunch bag suki design",lunch bag red retrospot,0.0206684256816182,0.0695910290237467,0.0124780123131046,0.6037234042553192,8.67530503176364,1.0,0.01103967530162,2.347877671725311,0.9034021787078488,0.1604240282685512,0.5740834320106799,0.3915141507848476
240,"lunch bag red retrospot', 'lunch bag spaceboy design",lunch bag woodland,0.0251759014951627,0.0443051890941073,0.0139072119613016,0.5524017467248908,12.468104933522598,1.0,0.0127917888849438,2.13516206534097,0.943550073082634,0.2502472799208704,0.5316514768445424,0.433148764181304
241,"lunch bag red retrospot', 'lunch bag woodland",lunch bag spaceboy design,0.0234168865435356,0.0537598944591029,0.0139072119613016,0.5938967136150235,11.047207580863503,1.0,0.0126483226121604,2.330047889944637,0.9312872347099914,0.2198088618592527,0.570824271760457,0.4262939600794954
242,"lunch bag spaceboy design', 'lunch bag woodland",lunch bag red retrospot,0.0220426561125769,0.0695910290237467,0.0139072119613016,0.6309226932668329,9.06614979139828,1.0,0.0123732408400108,2.520905387577552,0.9097529660931284,0.1789250353606789,0.6033171237096907,0.4153823576918682
243,"lunch bag red retrospot', 'lunch bag woodland",lunch bag suki design,0.0234168865435356,0.0490325417766051,0.0120382585751978,0.5140845070422535,10.484557569633044,1.0,0.0108900691074739,1.9570634647495952,0.92631299742929,0.1992720655141037,0.4890303671741431,0.379800101054759
244,"lunch bag suki design', 'lunch bag woodland",lunch bag red retrospot,0.0166556728232189,0.0695910290237467,0.0120382585751978,0.7227722772277227,10.38599784149031,1.0,0.0108791731643472,3.356118073878628,0.9190234758177712,0.1622222222222222,0.7020367049111859,0.447879029609122
245,"pink regency teacup and saucer', 'regency cakestand 3 tier",roses regency teacup and saucer,0.0157761653474054,0.0403474054529463,0.0133575197889182,0.8466898954703832,20.98498988882454,1.0,0.0127209924491537,6.259552150795551,0.9676120999835668,0.3123393316195372,0.8402441618969648,0.5888762828850553
246,"roses regency teacup and saucer', 'regency cakestand 3 tier",pink regency teacup and saucer,0.0212730870712401,0.0289138082673702,0.0133575197889182,0.6279069767441859,21.71650897515253,1.0,0.0127424338280852,2.609794140281442,0.9746866776914516,0.3626865671641791,0.616828015449464,0.5449420815279865
247,"pink regency teacup and saucer', 'roses regency teacup and saucer",regency cakestand 3 tier,0.022372471416007,0.0894349164467898,0.0133575197889182,0.597051597051597,6.675822159534513,1.0,0.0113566396771194,2.259756030525345,0.8696622089868584,0.1356783919597989,0.5574743527656295,0.3732031187470646
248,"green regency teacup and saucer', 'pink regency teacup and saucer', 'regency cakestand 3 tier",roses regency teacup and saucer,0.0137423043095866,0.0403474054529463,0.0119832893579595,0.8720000000000001,21.61229427792916,1.0,0.0114288230341228,7.497285894898863,0.9670191105079672,0.2845953002610966,0.8666183984419752,0.5845013623978202
249,"green regency teacup and saucer', 'roses regency teacup and saucer', 'regency cakestand 3 tier",pink regency teacup and saucer,0.0157211961301671,0.0289138082673702,0.0119832893579595,0.7622377622377623,26.362413252147096,1.0,0.0115287297073181,4.084274276993121,0.9774336314924934,0.367003367003367,0.7551584609209426,0.5883432157196417
250,"green regency teacup and saucer', 'pink regency teacup and saucer', 'roses regency teacup and saucer",regency cakestand 3 tier,0.0199538258575197,0.0894349164467898,0.0119832893579595,0.6005509641873279,6.7149496868444185,1.0,0.0101987206095984,2.279552588481485,0.8684065904379064,0.1230248306997742,0.5613174247205475,0.3672699504403142
251,"roses regency teacup and saucer', 'pink regency teacup and saucer', 'regency cakestand 3 tier",green regency teacup and saucer,0.0133575197889182,0.0358948988566402,0.0119832893579595,0.8971193415637861,24.992948027149158,1.0,0.0115038225361607,9.371101583113468,0.9729853851968958,0.3215339233038348,0.8932889595603168,0.6154815697099176
252,"green regency teacup and saucer', 'regency cakestand 3 tier","pink regency teacup and saucer', 'roses regency teacup and saucer",0.0191292875989445,0.022372471416007,0.0119832893579595,0.6264367816091955,28.000338896890625,1.0,0.0115553199179435,2.6170336919017663,0.9830919960760846,0.4059590316573558,0.6178879916240925,0.5810316586178655
253,"green regency teacup and saucer', 'pink regency teacup and saucer","roses regency teacup and saucer', 'regency cakestand 3 tier",0.0237467018469656,0.0212730870712401,0.0119832893579595,0.5046296296296297,23.72150445018662,1.0,0.0114781237019142,1.9757477868468425,0.9811430696751798,0.3627287853577371,0.4938625230116384,0.5339685615848406
254,"pink regency teacup and saucer', 'regency cakestand 3 tier","green regency teacup and saucer', 'roses regency teacup and saucer",0.0157761653474054,0.0278144239226033,0.0119832893579595,0.759581881533101,27.308920136067535,1.0,0.0115444844071137,4.043728410640766,0.9788240176876428,0.3791304347826087,0.752703471042077,0.5952059605293963
255,"roses regency teacup and saucer', 'regency cakestand 3 tier","green regency teacup and saucer', 'pink regency teacup and saucer",0.0212730870712401,0.0237467018469656,0.0119832893579595,0.5633074935400517,23.721504450186625,1.0,0.0114781237019142,2.2355622863031024,0.9786633483533386,0.3627287853577371,0.5526852433829178,0.5339685615848406
256,"pink regency teacup and saucer', 'roses regency teacup and saucer","green regency teacup and saucer', 'regency cakestand 3 tier",0.022372471416007,0.0191292875989445,0.0119832893579595,0.5356265356265356,28.00033889689062,1.0,0.0115553199179435,2.112245396546188,0.9863533077302028,0.4059590316573558,0.5265701600604089,0.5810316586178655
257,"lunch bag red retrospot', 'lunch bag cars blue', 'lunch bag pink polkadot",lunch bag  black skull.,0.0148966578715919,0.057113016710642,0.0103342128408091,0.6937269372693727,12.146564430033136,1.0,0.0094834197708562,3.0785828008604343,0.9315491631712232,0.1675579322638146,0.675175213828743,0.437335075949412
258,"lunch bag red retrospot', 'lunch bag cars blue', 'lunch bag  black skull.",lunch bag pink polkadot,0.0140721196130167,0.0502418645558487,0.0103342128408091,0.734375,14.6167943107221,1.0,0.0096272033131982,3.575560039319158,0.944882039212709,0.1914460285132382,0.7203235328162982,0.4700321389496718
259,"lunch bag red retrospot', 'lunch bag pink polkadot', 'lunch bag  black skull.",lunch bag cars blue,0.0164357959542656,0.0521108179419525,0.0103342128408091,0.6287625418060201,12.06587358706236,1.0,0.0094777300701053,2.5533231120302364,0.9324471355135908,0.1775259678942398,0.6083535235754534,0.4135373890464699
260,"lunch bag cars blue', 'lunch bag pink polkadot', 'lunch bag  black skull.",lunch bag red retrospot,0.0140721196130167,0.0695910290237467,0.0103342128408091,0.734375,10.552725118483412,1.0,0.009354919556394,3.502716126028248,0.9181581794370528,0.1409295352323838,0.7145072669266218,0.4414371050552922
